<?xml version="1.0" encoding="UTF-8"?>
<document type="com.apple.InterfaceBuilder3.CocoaTouch.Storyboard.XIB" version="3.0" toolsVersion="14490.70" targetRuntime="iOS.CocoaTouch" propertyAccessControl="none" useAutolayout="YES" useTraitCollections="YES" useSafeAreas="YES" colorMatched="YES" initialViewController="BYZ-38-t0r">
    <device id="retina4_7" orientation="portrait">
        <adaptation id="fullscreen"/>
    </device>
    <dependencies>
        <deployment identifier="iOS"/>
        <plugIn identifier="com.apple.InterfaceBuilder.IBCocoaTouchPlugin" version="14490.49"/>
        <capability name="Safe area layout guides" minToolsVersion="9.0"/>
        <capability name="documents saved in the Xcode 8 format" minToolsVersion="8.0"/>
    </dependencies>
    <scenes>
        <!--View Controller-->
        <scene sceneID="tne-QT-ifu">
            <objects>
                <viewController id="BYZ-38-t0r" customClass="ViewController" customModule="JudyCU3A_1Q4" customModuleProvider="target" sceneMemberID="viewController">
                    <view key="view" contentMode="scaleToFill" id="8bC-Xf-vdC">
                        <rect key="frame" x="0.0" y="0.0" width="375" height="667"/>
                        <autoresizingMask key="autoresizingMask" widthSizable="YES" heightSizable="YES"/>
                        <subviews>
                            <button opaque="NO" contentMode="scaleToFill" misplaced="YES" contentHorizontalAlignment="center" contentVerticalAlignment="center" buttonType="roundedRect" lineBreakMode="middleTruncation" translatesAutoresizingMaskIntoConstraints="NO" id="FkP-ma-50m">
                                <rect key="frame" x="168" y="558" width="38" height="32"/>
                                <state key="normal" title="down"/>
                            </button>
                            <button opaque="NO" contentMode="scaleToFill" contentHorizontalAlignment="center" contentVerticalAlignment="center" buttonType="roundedRect" lineBreakMode="middleTruncation" translatesAutoresizingMaskIntoConstraints="NO" id="5ls-KU-cNd">
                                <rect key="frame" x="172" y="473" width="30" height="30"/>
                                <state key="normal" title="up"/>
                            </button>
                            <button opaque="NO" contentMode="scaleToFill" contentHorizontalAlignment="center" contentVerticalAlignment="center" buttonType="roundedRect" lineBreakMode="middleTruncation" translatesAutoresizingMaskIntoConstraints="NO" id="htG-Xl-T6w">
                                <rect key="frame" x="67" y="519" width="30" height="30"/>
                                <state key="normal" title="left"/>
                            </button>
                            <button opaque="NO" contentMode="scaleToFill" misplaced="YES" contentHorizontalAlignment="center" contentVerticalAlignment="center" buttonType="roundedRect" lineBreakMode="middleTruncation" translatesAutoresizingMaskIntoConstraints="NO" id="fER-Z0-T13">
                                <rect key="frame" x="264" y="517" width="32" height="34"/>
                                <state key="normal" title="right"/>
                            </button>
                            <imageView userInteractionEnabled="NO" contentMode="scaleToFill" horizontalHuggingPriority="251" verticalHuggingPriority="251" misplaced="YES" image="up.jpg" translatesAutoresizingMaskIntoConstraints="NO" id="lpf-Ec-xjL">
                                <rect key="frame" x="77" y="136" width="221" height="114"/>
                            </imageView>
                        </subviews>
                        <color key="backgroundColor" red="1" green="1" blue="1" alpha="1" colorSpace="custom" customColorSpace="sRGB"/>
                        <accessibility key="accessibilityConfiguration">
                            <accessibilityTraits key="traits" button="YES" image="YES"/>
                        </accessibility>
                        <constraints>
                            <constraint firstItem="htG-Xl-T6w" firstAttribute="leading" secondItem="6Tk-OE-BBY" secondAttribute="leading" constant="67" id="1AN-qA-pEp"/>
                            <constraint firstItem="FkP-ma-50m" firstAttribute="leading" secondItem="6Tk-OE-BBY" secondAttribute="leading" constant="168" id="1Mb-hX-Brk"/>
                            <constraint firstItem="5ls-KU-cNd" firstAttribute="leading" secondItem="6Tk-OE-BBY" secondAttribute="leading" constant="172" id="5fr-8p-hGY"/>
                            <constraint firstItem="5ls-KU-cNd" firstAttribute="top" secondItem="lpf-Ec-xjL" secondAttribute="bottom" constant="213" id="BPl-pW-lBz"/>
                            <constraint firstItem="lpf-Ec-xjL" firstAttribute="top" secondItem="6Tk-OE-BBY" secondAttribute="top" constant="112" id="CN3-Qv-wme"/>
                            <constraint firstItem="FkP-ma-50m" firstAttribute="top" secondItem="5ls-KU-cNd" secondAttribute="bottom" constant="87" id="CP0-Fg-MSm"/>
                            <constraint firstItem="6Tk-OE-BBY" firstAttribute="trailing" secondItem="5ls-KU-cNd" secondAttribute="trailing" constant="173" id="DfM-sK-j3J"/>
                            <constraint firstItem="6Tk-OE-BBY" firstAttribute="trailing" secondItem="lpf-Ec-xjL" secondAttribute="trailing" constant="68" id="HTw-Z7-3bF"/>
                            <constraint firstItem="6Tk-OE-BBY" firstAttribute="trailing" secondItem="FkP-ma-50m" secondAttribute="trailing" constant="169" id="IeS-zj-QMA"/>
                            <constraint firstItem="FkP-ma-50m" firstAttribute="top" secondItem="5ls-KU-cNd" secondAttribute="bottom" constant="87" id="OYU-kW-XRw"/>
                            <constraint firstItem="6Tk-OE-BBY" firstAttribute="bottom" secondItem="fER-Z0-T13" secondAttribute="bottom" constant="118" id="Rt8-V9-7ZK"/>
                            <constraint firstItem="6Tk-OE-BBY" firstAttribute="bottom" secondItem="htG-Xl-T6w" secondAttribute="bottom" constant="118" id="S7g-pi-zm2"/>
                            <constraint firstItem="fER-Z0-T13" firstAttribute="leading" secondItem="htG-Xl-T6w" secondAttribute="trailing" constant="170" id="ZtB-wy-lvH"/>
                            <constraint firstItem="htG-Xl-T6w" firstAttribute="top" secondItem="lpf-Ec-xjL" secondAttribute="bottom" constant="259" id="b2e-So-gqL"/>
                            <constraint firstItem="6Tk-OE-BBY" firstAttribute="bottom" secondItem="FkP-ma-50m" secondAttribute="bottom" constant="47" id="flr-DE-XxA"/>
                            <constraint firstItem="fER-Z0-T13" firstAttribute="top" secondItem="lpf-Ec-xjL" secondAttribute="bottom" constant="259" id="hE7-yo-3Xu"/>
                            <constraint firstItem="fER-Z0-T13" firstAttribute="leading" secondItem="htG-Xl-T6w" secondAttribute="trailing" constant="170" id="hyd-ah-guz"/>
                            <constraint firstItem="6Tk-OE-BBY" firstAttribute="trailing" secondItem="fER-Z0-T13" secondAttribute="trailing" constant="76" id="lOH-OI-zdY"/>
                            <constraint firstItem="5ls-KU-cNd" firstAttribute="top" secondItem="lpf-Ec-xjL" secondAttribute="bottom" constant="213" id="xBw-QR-yVR"/>
                            <constraint firstItem="lpf-Ec-xjL" firstAttribute="leading" secondItem="6Tk-OE-BBY" secondAttribute="leading" constant="67" id="xeu-sQ-MHU"/>
                        </constraints>
                        <viewLayoutGuide key="safeArea" id="6Tk-OE-BBY"/>
                    </view>
                    <userDefinedRuntimeAttributes>
                        <userDefinedRuntimeAttribute type="boolean" keyPath="keyPath" value="NO"/>
                    </userDefinedRuntimeAttributes>
                    <connections>
                        <outlet property="downbutton" destination="FkP-ma-50m" id="dv3-Go-uZQ"/>
                        <outlet property="image" destination="lpf-Ec-xjL" id="NEg-mH-flT"/>
                        <outlet property="leftbutton" destination="htG-Xl-T6w" id="a8s-rX-D3x"/>
                        <outlet property="rightbutton" destination="fER-Z0-T13" id="cIP-ew-A3N"/>
                        <outlet property="upbutton" destination="5ls-KU-cNd" id="Eju-Vi-rP0"/>
                    </connections>
                </viewController>
                <placeholder placeholderIdentifier="IBFirstResponder" id="dkx-z0-nzr" sceneMemberID="firstResponder"/>
            </objects>
            <point key="canvasLocation" x="132" y="115.59220389805098"/>
        </scene>
    </scenes>
    <resources>
        <image name="up.jpg" width="852" height="480"/>
    </resources>
</document>
